| Ref | Part | Where | Why |
|---|---|---|---|
| R1 | 4.7 kΩ resistor | DS18B20 DATA → 3.3V | OneWire is open-drain; without this pull-up the sensor can't pull the line high and reads garbage/-127°C. |
| R2 | 220 Ω resistor | GPIO5 → MOSFET1 gate | Limits inrush current into the gate capacitance; protects the GPIO pin. |
| R3 | 10 kΩ resistor | MOSFET1 gate → GND | Pull-down so the MOSFET is guaranteed OFF while the ESP32 is booting/resetting and the GPIO is floating. Without this, the peltier/fan can glitch on for a moment at every power-up. |
| R4 | 220 Ω resistor | GPIO6 → MOSFET2 gate | Same reason as R2, for the LED MOSFET. |
| R5 | 10 kΩ resistor | MOSFET2 gate → GND | Same reason as R3, for the LED MOSFET (keeps the grow light off during boot). |
| D1 | 1N4007 (or SS34 Schottky) | Across heatsink fan +/- | Flyback diode — the fan is a small inductive DC motor; without a return path for its collapsing field current, every OFF transition puts a voltage spike on MOSFET1's drain. |
| D2, D3, D4 | 1N4007 (optional but recommended) | Across ocypus fan, diaphragm pump, submersible pump | These are wired directly to the rail with no MOSFET, but they're still brushed/BLDC motors — a diode across each protects the 12V rail from switch-on/off spikes when the whole system powers up or a fuse/switch is toggled. |

If your TCS34725 / BH1750 breakout boards are bare chips rather than Adafruit/GY-style modules, also add two 4.7 kΩ pull-ups from SDA and SCL to 3.3V. Almost every breakout board already has these onboard, check before adding a second set, since doubled-up pull-ups just waste a little current, but confirm rather than assume.